step,tokens,train_loss,val_loss,lr,tok_per_sec,elapsed_s
0,0,10.5348,10.5387,2.985e-06,,12
10,1310720,9.1213,,2.985e-05,30114,44
20,2621440,8.4986,,5.970e-05,39027,77
30,3932160,7.7930,,8.955e-05,33983,116
40,5242880,7.0065,,1.194e-04,32482,156
50,6553600,6.3930,,1.493e-04,34055,195
60,7864320,6.0234,,1.791e-04,32896,234
70,9175040,5.7862,,2.090e-04,33421,274
80,10485760,5.5002,,2.388e-04,33126,313
90,11796480,5.5398,,2.687e-04,33364,352
100,13107200,5.4698,,2.985e-04,33433,392
110,14417920,5.2027,,3.284e-04,33392,431
120,15728640,5.1760,,3.582e-04,33147,470
130,17039360,5.0658,,3.881e-04,33172,510
140,18350080,4.9989,,4.179e-04,33245,549
150,19660800,4.7370,,4.478e-04,33279,589
160,20971520,4.6820,,4.776e-04,33366,628
170,22282240,4.6739,,5.075e-04,33424,667
180,23592960,4.5924,,5.373e-04,33432,706
190,24903680,4.4952,,5.672e-04,33395,746
200,26214400,4.5024,,5.970e-04,33363,785
210,27525120,4.2308,,6.000e-04,33340,824
220,28835840,4.2776,,6.000e-04,33282,864
230,30146560,4.3327,,6.000e-04,33335,903
240,31457280,4.1499,,5.999e-04,33257,942
250,32768000,4.0836,,5.999e-04,33368,982
250,32768000,4.0328,4.1751,5.999e-04,,995
260,34078720,4.1196,,5.999e-04,23639,1037
270,35389440,3.9908,,5.998e-04,33235,1077
280,36700160,3.7817,,5.998e-04,33236,1116
290,38010880,3.9153,,5.997e-04,33384,1155
300,39321600,3.8316,,5.996e-04,33440,1194
310,40632320,3.7021,,5.995e-04,33440,1234
320,41943040,3.6621,,5.995e-04,33432,1273
330,43253760,3.4454,,5.994e-04,33360,1312
340,44564480,3.4509,,5.993e-04,33212,1352
350,45875200,3.4668,,5.992e-04,33414,1391
360,47185920,3.3899,,5.990e-04,33472,1430
370,48496640,3.2588,,5.989e-04,33430,1469
380,49807360,3.2262,,5.988e-04,33434,1508
390,51118080,3.0400,,5.986e-04,33433,1548
400,52428800,3.0873,,5.985e-04,33384,1587
410,53739520,3.0563,,5.983e-04,33350,1626
420,55050240,2.9545,,5.982e-04,33300,1666
430,56360960,2.8673,,5.980e-04,33280,1705
440,57671680,2.9523,,5.978e-04,33350,1744
450,58982400,2.7305,,5.976e-04,33443,1783
460,60293120,2.7979,,5.974e-04,33473,1823
470,61603840,2.7950,,5.972e-04,33364,1862
480,62914560,2.6892,,5.970e-04,33267,1901
490,64225280,2.7424,,5.968e-04,33315,1941
500,65536000,2.6120,,5.966e-04,33439,1980
500,65536000,2.6745,2.7830,5.966e-04,,1993
510,66846720,2.6261,,5.964e-04,23686,2035
520,68157440,2.5344,,5.961e-04,33308,2075
530,69468160,2.5868,,5.959e-04,33297,2114
540,70778880,2.4791,,5.956e-04,33387,2153
550,72089600,2.5329,,5.954e-04,33437,2192
560,73400320,2.5485,,5.951e-04,33424,2232
570,74711040,2.4878,,5.948e-04,33455,2271
580,76021760,2.4348,,5.945e-04,33428,2310
590,77332480,2.4862,,5.942e-04,33438,2349
600,78643200,2.5140,,5.939e-04,33411,2388
610,79953920,2.3444,,5.936e-04,33357,2428
620,81264640,2.4986,,5.933e-04,33241,2467
630,82575360,2.3355,,5.930e-04,33330,2506
640,83886080,2.4238,,5.927e-04,33431,2546
650,85196800,2.3845,,5.923e-04,33507,2585
660,86507520,2.3887,,5.920e-04,33478,2624
670,87818240,2.3115,,5.916e-04,33498,2663
680,89128960,2.3322,,5.913e-04,33452,2702
690,90439680,2.2809,,5.909e-04,33378,2741
700,91750400,2.3242,,5.905e-04,33386,2781
710,93061120,2.4557,,5.901e-04,33442,2820
720,94371840,2.2074,,5.898e-04,33331,2859
730,95682560,2.3642,,5.894e-04,33217,2899
740,96993280,2.2445,,5.890e-04,33693,2938
750,98304000,2.1483,,5.885e-04,33304,2977
750,98304000,2.2449,2.3619,5.885e-04,,2990
760,99614720,2.3109,,5.881e-04,23807,3032
770,100925440,2.2210,,5.877e-04,33349,3071
780,102236160,2.2498,,5.873e-04,33321,3111
790,103546880,2.2182,,5.868e-04,33515,3150
800,104857600,2.2469,,5.864e-04,33572,3189
810,106168320,2.2445,,5.859e-04,33470,3228
820,107479040,2.2232,,5.855e-04,33444,3267
830,108789760,2.2126,,5.850e-04,33446,3306
840,110100480,2.2394,,5.845e-04,33676,3345
850,111411200,2.1206,,5.840e-04,33379,3385
860,112721920,2.1491,,5.835e-04,33543,3424
870,114032640,2.2090,,5.830e-04,33413,3463
880,115343360,2.1946,,5.825e-04,33402,3502
890,116654080,2.1402,,5.820e-04,33502,3541
900,117964800,2.0832,,5.815e-04,33627,3580
910,119275520,2.2111,,5.810e-04,33570,3619
920,120586240,2.2255,,5.805e-04,33500,3658
930,121896960,2.1338,,5.799e-04,33483,3698
940,123207680,2.1396,,5.794e-04,33456,3737
950,124518400,2.1108,,5.788e-04,33438,3776
960,125829120,2.1312,,5.782e-04,33387,3815
970,127139840,2.1317,,5.777e-04,33372,3854
980,128450560,2.1909,,5.771e-04,33409,3894
990,129761280,2.0856,,5.765e-04,33270,3933
1000,131072000,2.1709,,5.759e-04,33355,3972
1000,131072000,2.0938,2.1901,5.759e-04,,3986
1010,132382720,1.9798,,5.753e-04,23312,4029
1020,133693440,2.1320,,5.747e-04,33337,4068
1030,135004160,2.0190,,5.741e-04,33411,4107
1040,136314880,2.0723,,5.735e-04,33435,4146
1050,137625600,2.0546,,5.729e-04,33442,4186
1060,138936320,2.1233,,5.722e-04,33394,4225
1070,140247040,2.0406,,5.716e-04,33447,4264
1080,141557760,2.1605,,5.710e-04,33416,4303
1090,142868480,2.0256,,5.703e-04,33426,4342
1100,144179200,2.0506,,5.697e-04,33409,4382
1110,145489920,2.0595,,5.690e-04,33435,4421
1120,146800640,2.0323,,5.683e-04,33436,4460
1130,148111360,2.0309,,5.676e-04,33455,4499
1140,149422080,2.0948,,5.669e-04,33462,4538
1150,150732800,2.0513,,5.663e-04,33442,4578
1160,152043520,1.9989,,5.656e-04,33384,4617
1170,153354240,1.9914,,5.649e-04,33359,4656
1180,154664960,2.0324,,5.641e-04,33437,4695
1190,155975680,2.0062,,5.634e-04,33457,4734
1200,157286400,1.9706,,5.627e-04,33469,4774
1210,158597120,2.0331,,5.620e-04,33433,4813
1220,159907840,2.0721,,5.612e-04,33443,4852
1230,161218560,1.9375,,5.605e-04,33458,4891
1240,162529280,1.9558,,5.597e-04,33418,4930
1250,163840000,1.9177,,5.590e-04,33394,4970
1250,163840000,1.9733,2.1131,5.589e-04,,4983
1260,165150720,1.9990,,5.582e-04,23635,5025
1270,166461440,1.8753,,5.574e-04,33349,5064
1280,167772160,1.9369,,5.566e-04,33331,5104
1290,169082880,2.1311,,5.559e-04,33433,5143
1300,170393600,1.9129,,5.551e-04,33479,5182
1310,171704320,2.0541,,5.543e-04,33597,5221
1320,173015040,1.9826,,5.535e-04,33467,5260
1330,174325760,1.9168,,5.527e-04,33437,5300
1340,175636480,1.9622,,5.518e-04,33430,5339
1350,176947200,2.0012,,5.510e-04,33417,5378
1360,178257920,1.9988,,5.502e-04,33413,5417
1370,179568640,1.9320,,5.494e-04,33372,5456
1380,180879360,1.8701,,5.485e-04,33308,5496
1390,182190080,1.9414,,5.477e-04,33394,5535
1400,183500800,2.0089,,5.468e-04,33431,5574
1410,184811520,1.9929,,5.460e-04,33485,5613
1420,186122240,2.0612,,5.451e-04,33618,5652
1430,187432960,1.9853,,5.442e-04,33477,5692
1440,188743680,1.8529,,5.433e-04,33433,5731
1450,190054400,1.8992,,5.425e-04,33365,5770
1460,191365120,1.9440,,5.416e-04,33381,5809
1470,192675840,1.9373,,5.407e-04,33474,5848
1480,193986560,1.8410,,5.398e-04,33479,5888
1490,195297280,1.8815,,5.389e-04,33498,5927
1500,196608000,1.9061,,5.379e-04,33440,5966
1500,196608000,1.9059,2.0259,5.379e-04,,5979
1510,197918720,2.0428,,5.370e-04,23696,6021
1520,199229440,1.8666,,5.361e-04,33345,6061
1530,200540160,1.8790,,5.352e-04,33415,6100
1540,201850880,1.8164,,5.342e-04,33443,6139
1550,203161600,1.8785,,5.333e-04,33460,6178
1560,204472320,1.8129,,5.323e-04,33469,6217
1570,205783040,1.9196,,5.314e-04,33488,6256
1580,207093760,1.8297,,5.304e-04,33607,6295
1590,208404480,1.9055,,5.295e-04,33626,6334
1600,209715200,1.8034,,5.285e-04,33410,6374
1610,211025920,1.8654,,5.275e-04,33401,6413
1620,212336640,1.8651,,5.265e-04,33418,6452
1630,213647360,1.7964,,5.255e-04,33513,6491
1640,214958080,1.7599,,5.245e-04,33526,6530
1650,216268800,1.8518,,5.235e-04,33332,6570
1660,217579520,1.8196,,5.225e-04,33951,6608
1670,218890240,1.9193,,5.215e-04,33147,6648
1680,220200960,1.8620,,5.205e-04,33931,6686
1690,221511680,1.9000,,5.195e-04,33310,6726
1700,222822400,1.9233,,5.185e-04,33825,6765
1710,224133120,1.8613,,5.174e-04,33414,6804
1720,225443840,1.8252,,5.164e-04,33449,6843
1730,226754560,1.8284,,5.154e-04,33679,6882
1740,228065280,1.8740,,5.143e-04,33697,6921
1750,229376000,1.8196,,5.132e-04,33491,6960
1750,229376000,1.8268,1.9914,5.131e-04,,6973
1760,230686720,1.9293,,5.122e-04,23769,7015
1770,231997440,1.8933,,5.111e-04,33526,7054
1780,233308160,1.7983,,5.101e-04,33340,7093
1790,234618880,1.9292,,5.090e-04,33400,7133
1800,235929600,1.8475,,5.079e-04,33396,7172
1810,237240320,1.7605,,5.068e-04,33429,7211
1820,238551040,1.8691,,5.057e-04,33465,7250
1830,239861760,1.7951,,5.046e-04,33544,7289
1840,241172480,1.7896,,5.035e-04,33459,7329
1850,242483200,1.8516,,5.024e-04,33441,7368
1860,243793920,1.8500,,5.013e-04,33689,7407
1870,245104640,1.8210,,5.002e-04,33685,7446
1880,246415360,1.7581,,4.991e-04,33724,7484
1890,247726080,1.8956,,4.980e-04,33485,7524
1900,249036800,1.8125,,4.968e-04,33444,7563
1910,250347520,1.8194,,4.957e-04,33450,7602
1920,251658240,1.8194,,4.946e-04,33390,7641
1930,252968960,1.8570,,4.934e-04,33456,7680
1940,254279680,1.8786,,4.923e-04,33466,7720
1950,255590400,1.9497,,4.911e-04,33707,7758
1960,256901120,1.7374,,4.900e-04,33804,7797
1970,258211840,1.8583,,4.888e-04,33640,7836
1980,259522560,1.8039,,4.877e-04,33714,7875
1990,260833280,1.8608,,4.865e-04,33484,7914
2000,262144000,1.7164,,4.853e-04,33449,7953
2000,262144000,1.8215,1.9556,4.852e-04,,7967
2010,263454720,1.7829,,4.841e-04,23333,8010
2020,264765440,1.8125,,4.829e-04,33357,8049
2030,266076160,1.8611,,4.818e-04,33302,8088
2040,267386880,1.7656,,4.806e-04,33553,8127
2050,268697600,1.8455,,4.794e-04,33654,8166
2060,270008320,1.8275,,4.782e-04,33445,8205
2070,271319040,1.7617,,4.770e-04,33441,8245
2080,272629760,1.7451,,4.758e-04,33433,8284
2090,273940480,1.7457,,4.746e-04,33448,8323
2100,275251200,1.8104,,4.733e-04,33441,8362
2110,276561920,1.7260,,4.721e-04,33434,8401
2120,277872640,1.7627,,4.709e-04,33423,8441
2130,279183360,1.7397,,4.697e-04,33417,8480
2140,280494080,1.6296,,4.684e-04,33456,8519
2150,281804800,1.8181,,4.672e-04,33368,8558
2160,283115520,1.7067,,4.660e-04,33405,8598
2170,284426240,1.8037,,4.647e-04,33349,8637
2180,285736960,1.8087,,4.635e-04,33444,8676
2190,287047680,1.7525,,4.622e-04,33442,8715
2200,288358400,1.7923,,4.610e-04,33442,8754
2210,289669120,1.7629,,4.597e-04,33400,8794
2220,290979840,1.7043,,4.584e-04,33386,8833
2230,292290560,1.6884,,4.572e-04,33373,8872
2240,293601280,1.7771,,4.559e-04,33397,8911
2250,294912000,1.7104,,4.546e-04,33460,8951
2250,294912000,1.7265,1.9153,4.545e-04,,8964
2260,296222720,1.8050,,4.533e-04,23704,9006
2270,297533440,1.7993,,4.521e-04,33402,9045
2280,298844160,1.7461,,4.508e-04,33549,9084
2290,300154880,1.6608,,4.495e-04,33577,9123
2300,301465600,1.7374,,4.482e-04,33402,9162
2310,302776320,1.7072,,4.469e-04,33403,9202
2320,304087040,1.7468,,4.456e-04,33343,9241
2330,305397760,1.8116,,4.443e-04,33427,9280
2340,306708480,1.6463,,4.430e-04,33453,9319
2350,308019200,1.7311,,4.417e-04,33453,9359
2360,309329920,1.7496,,4.404e-04,33545,9398
2370,310640640,1.8170,,4.391e-04,33694,9437
2380,311951360,1.6856,,4.378e-04,33481,9476
2390,313262080,1.6653,,4.364e-04,33451,9515
2400,314572800,1.5954,,4.351e-04,33399,9554
2410,315883520,1.8297,,4.338e-04,33426,9593
2420,317194240,1.7012,,4.325e-04,33356,9633
2430,318504960,1.7900,,4.311e-04,33362,9672
2440,319815680,1.7299,,4.298e-04,33419,9711
2450,321126400,1.6822,,4.285e-04,33449,9750
2460,322437120,1.7820,,4.271e-04,33541,9789
2470,323747840,1.6285,,4.258e-04,33668,9828
2480,325058560,1.7484,,4.244e-04,33645,9867
2490,326369280,1.7175,,4.231e-04,33563,9906
2500,327680000,1.6813,,4.217e-04,33456,9946
2500,327680000,1.6905,1.8913,4.216e-04,,9959
2510,328990720,1.7158,,4.204e-04,23520,10001
2520,330301440,1.6809,,4.190e-04,33359,10041
2530,331612160,1.7388,,4.177e-04,33461,10080
2540,332922880,1.6621,,4.163e-04,33450,10119
2550,334233600,1.7384,,4.149e-04,33496,10158
2560,335544320,1.6740,,4.136e-04,33438,10197
2570,336855040,1.7437,,4.122e-04,33402,10237
2580,338165760,1.6317,,4.108e-04,33974,10275
2590,339476480,1.7025,,4.095e-04,33198,10315
2600,340787200,1.7360,,4.081e-04,33840,10353
2610,342097920,1.7024,,4.067e-04,33318,10393
2620,343408640,1.7665,,4.053e-04,33642,10432
2630,344719360,1.7656,,4.039e-04,33373,10471
2640,346030080,1.6913,,4.026e-04,33574,10510
2650,347340800,1.6392,,4.012e-04,33794,10549
2660,348651520,1.6060,,3.998e-04,33431,10588
2670,349962240,1.7448,,3.984e-04,33337,10627
2680,351272960,1.6826,,3.970e-04,33671,10666
2690,352583680,1.6317,,3.956e-04,33274,10706
2700,353894400,1.6340,,3.942e-04,33744,10744
2710,355205120,1.7125,,3.928e-04,33475,10784
2720,356515840,1.6372,,3.914e-04,33367,10823
2730,357826560,1.6243,,3.900e-04,33530,10862
2740,359137280,1.6059,,3.886e-04,33581,10901
2750,360448000,1.6989,,3.872e-04,33460,10940
2750,360448000,1.6592,1.9030,3.871e-04,,10954
2760,361758720,1.7359,,3.858e-04,24245,10994
2770,363069440,1.5771,,3.844e-04,33402,11033
2780,364380160,1.6627,,3.830e-04,33322,11073
2790,365690880,1.6947,,3.816e-04,33350,11112
2800,367001600,1.6823,,3.802e-04,33449,11151
2810,368312320,1.5855,,3.788e-04,33456,11190
2820,369623040,1.6465,,3.773e-04,33482,11230
2830,370933760,1.7275,,3.759e-04,33552,11269
2840,372244480,1.5520,,3.745e-04,33525,11308
2850,373555200,1.6678,,3.731e-04,33448,11347
2860,374865920,1.6588,,3.717e-04,33446,11386
2870,376176640,1.6036,,3.702e-04,33417,11425
2880,377487360,1.6900,,3.688e-04,33439,11465
2890,378798080,1.6782,,3.674e-04,33380,11504
2900,380108800,1.6534,,3.660e-04,33311,11543
2910,381419520,1.5667,,3.646e-04,33397,11582
2920,382730240,1.6306,,3.631e-04,33457,11622
2930,384040960,1.7884,,3.617e-04,33514,11661
2940,385351680,1.7065,,3.603e-04,33556,11700
2950,386662400,1.7647,,3.588e-04,33494,11739
2960,387973120,1.6604,,3.574e-04,33441,11778
2970,389283840,1.6519,,3.560e-04,33444,11817
2980,390594560,1.7175,,3.546e-04,33413,11856
2990,391905280,1.6664,,3.531e-04,33454,11896
3000,393216000,1.6379,,3.517e-04,33423,11935
3000,393216000,1.6488,1.8592,3.515e-04,,11948
3010,394526720,1.6676,,3.503e-04,23652,11990
3020,395837440,1.6271,,3.488e-04,33333,12030
3030,397148160,1.6051,,3.474e-04,33404,12069
3040,398458880,1.6421,,3.459e-04,33362,12108
3050,399769600,1.6117,,3.445e-04,33329,12147
3060,401080320,1.6251,,3.431e-04,33342,12187
3070,402391040,1.5337,,3.416e-04,33457,12226
3080,403701760,1.6181,,3.402e-04,33437,12265
3090,405012480,1.6053,,3.388e-04,33465,12304
3100,406323200,1.6130,,3.373e-04,33436,12344
3110,407633920,1.6070,,3.359e-04,33437,12383
3120,408944640,1.6615,,3.345e-04,33446,12422
3130,410255360,1.6300,,3.330e-04,33369,12461
3140,411566080,1.6028,,3.316e-04,33372,12500
3150,412876800,1.5271,,3.301e-04,33369,12540
3160,414187520,1.6895,,3.287e-04,33313,12579
3170,415498240,1.5920,,3.273e-04,33367,12618
3180,416808960,1.6783,,3.258e-04,33435,12658
3190,418119680,1.6058,,3.244e-04,33440,12697
3200,419430400,1.6430,,3.230e-04,33467,12736
3210,420741120,1.7262,,3.215e-04,33441,12775
3220,422051840,1.6211,,3.201e-04,33390,12814
3230,423362560,1.5706,,3.186e-04,33419,12854
3240,424673280,1.5943,,3.172e-04,33399,12893
3250,425984000,1.6005,,3.158e-04,33470,12932
3250,425984000,1.6357,1.8102,3.156e-04,,12945
3260,427294720,1.6706,,3.143e-04,23677,12987
3270,428605440,1.6178,,3.129e-04,33343,13027
3280,429916160,1.6533,,3.115e-04,33332,13066
3290,431226880,1.6806,,3.100e-04,33327,13105
3300,432537600,1.6200,,3.086e-04,33342,13145
3310,433848320,1.6587,,3.072e-04,33391,13184
3320,435159040,1.5897,,3.057e-04,33512,13223
3330,436469760,1.6737,,3.043e-04,33716,13262
3340,437780480,1.5998,,3.029e-04,33460,13301
3350,439091200,1.6153,,3.014e-04,33314,13340
3360,440401920,1.6519,,3.000e-04,33460,13380
3370,441712640,1.5846,,2.986e-04,33694,13418
3380,443023360,1.6323,,2.972e-04,33666,13457
3390,444334080,1.6776,,2.957e-04,33446,13497
3400,445644800,1.5592,,2.943e-04,33381,13536
3410,446955520,1.6048,,2.929e-04,33368,13575
3420,448266240,1.5271,,2.915e-04,33387,13614
3430,449576960,1.5645,,2.900e-04,33349,13654
3440,450887680,1.6331,,2.886e-04,33443,13693
3450,452198400,1.6908,,2.872e-04,33454,13732
3460,453509120,1.6505,,2.858e-04,33501,13771
3470,454819840,1.5152,,2.844e-04,33592,13810
3480,456130560,1.6260,,2.829e-04,33447,13849
3490,457441280,1.5940,,2.815e-04,33311,13889
3500,458752000,1.6048,,2.801e-04,33828,13928
3500,458752000,1.5819,1.7645,2.800e-04,,13941
3510,460062720,1.6457,,2.787e-04,23476,13983
3520,461373440,1.6019,,2.773e-04,33627,14022
3530,462684160,1.7216,,2.759e-04,33464,14061
3540,463994880,1.6547,,2.745e-04,33522,14101
3550,465305600,1.6048,,2.731e-04,33447,14140
3560,466616320,1.4628,,2.717e-04,33416,14179
3570,467927040,1.5346,,2.703e-04,33415,14218
3580,469237760,1.4824,,2.689e-04,33440,14257
3590,470548480,1.5523,,2.675e-04,33394,14297
3600,471859200,1.5896,,2.661e-04,33802,14335
3610,473169920,1.6444,,2.647e-04,33381,14375
3620,474480640,1.5320,,2.633e-04,33568,14414
3630,475791360,1.5855,,2.619e-04,33553,14453
3640,477102080,1.6303,,2.605e-04,33379,14492
3650,478412800,1.5928,,2.591e-04,33742,14531
3660,479723520,1.4847,,2.577e-04,33517,14570
3670,481034240,1.4947,,2.563e-04,33398,14609
3680,482344960,1.5281,,2.549e-04,33441,14648
3690,483655680,1.6213,,2.536e-04,33488,14688
3700,484966400,1.5533,,2.522e-04,33478,14727
3710,486277120,1.6717,,2.508e-04,33572,14766
3720,487587840,1.4541,,2.494e-04,33579,14805
3730,488898560,1.5437,,2.481e-04,33477,14844
3740,490209280,1.5994,,2.467e-04,33377,14883
3750,491520000,1.6057,,2.453e-04,33341,14923
3750,491520000,1.5906,1.7772,2.452e-04,,14936
3760,492830720,1.5886,,2.440e-04,24317,14976
3770,494141440,1.4762,,2.426e-04,33441,15016
3780,495452160,1.5590,,2.413e-04,33450,15055
3790,496762880,1.5941,,2.399e-04,33442,15094
3800,498073600,1.5653,,2.385e-04,33510,15133
3810,499384320,1.5666,,2.372e-04,33478,15172
3820,500695040,1.5423,,2.358e-04,33449,15212
3830,502005760,1.6331,,2.345e-04,33450,15251
3840,503316480,1.5722,,2.332e-04,33405,15290
3850,504627200,1.6032,,2.318e-04,33467,15329
3860,505937920,1.5958,,2.305e-04,33644,15368
3870,507248640,1.5591,,2.291e-04,33547,15407
3880,508559360,1.6008,,2.278e-04,33439,15446
3890,509870080,1.5374,,2.265e-04,33403,15486
3900,511180800,1.5172,,2.251e-04,33422,15525
3910,512491520,1.6127,,2.238e-04,33376,15564
3920,513802240,1.4671,,2.225e-04,33362,15603
3930,515112960,1.5336,,2.212e-04,33447,15643
3940,516423680,1.4574,,2.199e-04,33460,15682
3950,517734400,1.5984,,2.186e-04,33640,15721
3960,519045120,1.5399,,2.173e-04,33649,15760
3970,520355840,1.6327,,2.160e-04,33614,15799
3980,521666560,1.4801,,2.146e-04,33466,15838
3990,522977280,1.6664,,2.134e-04,33458,15877
4000,524288000,1.5380,,2.121e-04,33424,15916
4000,524288000,1.5204,1.7423,2.119e-04,,15930
4010,525598720,1.4683,,2.108e-04,23548,15972
4020,526909440,1.5400,,2.095e-04,33260,16011
4030,528220160,1.5100,,2.082e-04,33414,16050
4040,529530880,1.5984,,2.069e-04,33439,16090
4050,530841600,1.5787,,2.056e-04,33445,16129
4060,532152320,1.4420,,2.044e-04,33462,16168
4070,533463040,1.6373,,2.031e-04,33456,16207
4080,534773760,1.5672,,2.018e-04,33442,16246
4090,536084480,1.5339,,2.006e-04,33579,16285
4100,537395200,1.6476,,1.993e-04,33383,16325
4110,538705920,1.5134,,1.980e-04,33291,16364
4120,540016640,1.5718,,1.968e-04,33314,16403
4130,541327360,1.5439,,1.955e-04,33423,16443
4140,542638080,1.4997,,1.943e-04,33439,16482
4150,543948800,1.4270,,1.931e-04,33518,16521
4160,545259520,1.4933,,1.918e-04,33524,16560
4170,546570240,1.5314,,1.906e-04,33457,16599
4180,547880960,1.5801,,1.894e-04,33438,16638
4190,549191680,1.5091,,1.881e-04,33399,16678
4200,550502400,1.4384,,1.869e-04,33414,16717
4210,551813120,1.4777,,1.857e-04,33435,16756
4220,553123840,1.5775,,1.845e-04,33453,16795
4230,554434560,1.5657,,1.833e-04,33491,16834
4240,555745280,1.4888,,1.821e-04,33549,16873
4250,557056000,1.6183,,1.809e-04,33439,16913
4250,557056000,1.5267,1.7524,1.807e-04,,16926
4260,558366720,1.5173,,1.797e-04,24540,16966
4270,559677440,1.4840,,1.785e-04,33329,17005
4280,560988160,1.5684,,1.773e-04,33267,17045
4290,562298880,1.5558,,1.761e-04,33295,17084
4300,563609600,1.5129,,1.749e-04,33256,17124
4310,564920320,1.5336,,1.738e-04,33320,17163
4320,566231040,1.5762,,1.726e-04,33436,17202
4330,567541760,1.5460,,1.714e-04,33408,17241
4340,568852480,1.4544,,1.703e-04,33328,17281
4350,570163200,1.4568,,1.691e-04,33368,17320
4360,571473920,1.6112,,1.679e-04,33384,17359
4370,572784640,1.5925,,1.668e-04,33441,17398
4380,574095360,1.5502,,1.657e-04,33439,17438
4390,575406080,1.5316,,1.645e-04,33426,17477
4400,576716800,1.5603,,1.634e-04,33407,17516
4410,578027520,1.4284,,1.623e-04,33416,17555
4420,579338240,1.6021,,1.611e-04,33422,17595
4430,580648960,1.5445,,1.600e-04,33587,17634
4440,581959680,1.5572,,1.589e-04,33349,17673
4450,583270400,1.5363,,1.578e-04,33613,17712
4460,584581120,1.5313,,1.567e-04,33316,17751
4470,585891840,1.5694,,1.556e-04,33282,17791
4480,587202560,1.5373,,1.545e-04,33342,17830
4490,588513280,1.5987,,1.534e-04,33369,17869
4500,589824000,1.5039,,1.523e-04,33413,17908
4500,589824000,1.5319,1.7490,1.522e-04,,17922
4510,591134720,1.5373,,1.512e-04,24321,17962
4520,592445440,1.5836,,1.502e-04,33394,18002
4530,593756160,1.5193,,1.491e-04,33249,18041
4540,595066880,1.5564,,1.480e-04,33352,18080
4550,596377600,1.5267,,1.470e-04,33329,18120
4560,597688320,1.5964,,1.459e-04,33420,18159
4570,598999040,1.4960,,1.449e-04,33439,18198
4580,600309760,1.5105,,1.438e-04,33448,18237
4590,601620480,1.4875,,1.428e-04,33418,18276
4600,602931200,1.4835,,1.417e-04,33358,18316
4610,604241920,1.5739,,1.407e-04,33373,18355
4620,605552640,1.4808,,1.397e-04,33409,18394
4630,606863360,1.4910,,1.387e-04,33496,18433
4640,608174080,1.5165,,1.377e-04,33408,18473
4650,609484800,1.5081,,1.367e-04,33389,18512
4660,610795520,1.5543,,1.357e-04,33337,18551
4670,612106240,1.5585,,1.347e-04,33316,18590
4680,613416960,1.5149,,1.337e-04,33435,18630
4690,614727680,1.4900,,1.327e-04,33434,18669
4700,616038400,1.4210,,1.317e-04,33460,18708
4710,617349120,1.4145,,1.307e-04,33442,18747
4720,618659840,1.3911,,1.298e-04,33436,18786
4730,619970560,1.5270,,1.288e-04,33415,18826
4740,621281280,1.5291,,1.279e-04,33385,18865
4750,622592000,1.4774,,1.269e-04,33349,18904
4750,622592000,1.4978,1.7418,1.268e-04,,18918
4760,623902720,1.4958,,1.260e-04,23289,18961
4770,625213440,1.5803,,1.250e-04,33459,19000
4780,626524160,1.4599,,1.241e-04,33686,19039
4790,627834880,1.5420,,1.232e-04,33425,19078
4800,629145600,1.5652,,1.222e-04,33439,19117
4810,630456320,1.4897,,1.213e-04,33408,19156
4820,631767040,1.4215,,1.204e-04,33362,19196
4830,633077760,1.4586,,1.195e-04,33347,19235
4840,634388480,1.4509,,1.186e-04,33346,19274
4850,635699200,1.3927,,1.177e-04,33436,19313
4860,637009920,1.4526,,1.168e-04,33437,19353
4870,638320640,1.5521,,1.160e-04,33653,19391
4880,639631360,1.5292,,1.151e-04,33205,19431
4890,640942080,1.4631,,1.142e-04,33636,19470
4900,642252800,1.4575,,1.134e-04,33310,19509
4910,643563520,1.5259,,1.125e-04,33433,19548
4920,644874240,1.4968,,1.116e-04,33463,19588
4930,646184960,1.4459,,1.108e-04,33524,19627
4940,647495680,1.4982,,1.100e-04,33385,19666
4950,648806400,1.5047,,1.091e-04,33335,19705
4960,650117120,1.5008,,1.083e-04,33435,19745
4970,651427840,1.4335,,1.075e-04,33526,19784
4980,652738560,1.4042,,1.067e-04,33422,19823
4990,654049280,1.4535,,1.059e-04,33291,19862
5000,655360000,1.5159,,1.051e-04,33441,19901
5000,655360000,1.4627,1.7149,1.050e-04,,19915
5010,656670720,1.4743,,1.043e-04,23804,19956
5020,657981440,1.4733,,1.035e-04,33318,19996
5030,659292160,1.4074,,1.027e-04,33409,20035
5040,660602880,1.4933,,1.020e-04,33523,20074
5050,661913600,1.4477,,1.012e-04,33488,20113
5060,663224320,1.4645,,1.004e-04,33430,20152
5070,664535040,1.4638,,9.967e-05,33343,20192
5080,665845760,1.4722,,9.893e-05,33409,20231
5090,667156480,1.5078,,9.819e-05,33409,20270
5100,668467200,1.4673,,9.745e-05,33452,20309
5110,669777920,1.5026,,9.673e-05,33438,20349
5120,671088640,1.5547,,9.601e-05,33449,20388
5130,672399360,1.5921,,9.529e-05,33418,20427
5140,673710080,1.4792,,9.458e-05,33347,20466
5150,675020800,1.4627,,9.388e-05,33397,20506
5160,676331520,1.4566,,9.319e-05,33403,20545
5170,677642240,1.3742,,9.250e-05,33430,20584
5180,678952960,1.4884,,9.182e-05,33384,20623
5190,680263680,1.5647,,9.115e-05,33414,20663
5200,681574400,1.3939,,9.048e-05,33204,20702
5210,682885120,1.4155,,8.982e-05,33276,20741
5220,684195840,1.4987,,8.917e-05,33347,20781
5230,685506560,1.4998,,8.852e-05,33380,20820
5240,686817280,1.4630,,8.788e-05,33379,20859
5250,688128000,1.4587,,8.725e-05,33409,20898
5250,688128000,1.4478,1.7047,8.719e-05,,20912
5260,689438720,1.3972,,8.662e-05,23406,20954
5270,690749440,1.5254,,8.600e-05,33277,20994
5280,692060160,1.5004,,8.539e-05,33467,21033
5290,693370880,1.4475,,8.479e-05,33395,21072
5300,694681600,1.4878,,8.419e-05,33343,21112
5310,695992320,1.5685,,8.360e-05,33428,21151
5320,697303040,1.4609,,8.301e-05,33446,21190
5330,698613760,1.4494,,8.244e-05,33421,21229
5340,699924480,1.4385,,8.186e-05,33425,21268
5350,701235200,1.4260,,8.130e-05,33442,21308
5360,702545920,1.5356,,8.075e-05,33297,21347
5370,703856640,1.5699,,8.020e-05,33344,21386
5380,705167360,1.4902,,7.965e-05,33339,21426
5390,706478080,1.3412,,7.912e-05,33394,21465
5400,707788800,1.4525,,7.859e-05,33419,21504
5410,709099520,1.4652,,7.807e-05,33426,21543
5420,710410240,1.4014,,7.756e-05,33451,21582
5430,711720960,1.4840,,7.705e-05,33440,21622
5440,713031680,1.5495,,7.655e-05,33350,21661
5450,714342400,1.4589,,7.606e-05,33308,21700
5460,715653120,1.4984,,7.557e-05,33445,21740
5470,716963840,1.3742,,7.510e-05,33445,21779
5480,718274560,1.5208,,7.463e-05,33389,21818
5490,719585280,1.4605,,7.416e-05,33287,21857
5500,720896000,1.3689,,7.371e-05,33354,21897
5500,720896000,1.4562,1.7032,7.366e-05,,21910
5510,722206720,1.4290,,7.326e-05,23823,21952
5520,723517440,1.4940,,7.282e-05,33178,21991
5530,724828160,1.4523,,7.238e-05,33380,22030
5540,726138880,1.5122,,7.196e-05,33519,22070
5550,727449600,1.4485,,7.154e-05,33221,22109
5560,728760320,1.4597,,7.113e-05,33583,22148
5570,730071040,1.4594,,7.072e-05,33269,22187
5580,731381760,1.4378,,7.032e-05,33336,22227
5590,732692480,1.4956,,6.993e-05,33452,22266
5600,734003200,1.4723,,6.955e-05,33431,22305
5610,735313920,1.5137,,6.918e-05,33451,22344
5620,736624640,1.3947,,6.881e-05,33435,22384
5630,737935360,1.3959,,6.845e-05,33427,22423
5640,739246080,1.4469,,6.809e-05,33306,22462
5650,740556800,1.4565,,6.775e-05,33320,22501
5660,741867520,1.5097,,6.741e-05,33400,22541
5670,743178240,1.4412,,6.708e-05,33466,22580
5680,744488960,1.3577,,6.676e-05,33494,22619
5690,745799680,1.5102,,6.644e-05,33433,22658
5700,747110400,1.4657,,6.613e-05,33431,22697
5710,748421120,1.3971,,6.583e-05,33427,22737
5720,749731840,1.5163,,6.554e-05,33368,22776
5730,751042560,1.4220,,6.525e-05,33435,22815
5740,752353280,1.4561,,6.497e-05,33386,22854
5750,753664000,1.4576,,6.470e-05,33415,22894
5750,753664000,1.4370,1.7046,6.468e-05,,22907
5760,754974720,1.5691,,6.444e-05,24566,22947
5770,756285440,1.5037,,6.418e-05,33427,22986
5780,757596160,1.4722,,6.393e-05,33442,23025
5790,758906880,1.4463,,6.369e-05,33395,23065
5800,760217600,1.4491,,6.346e-05,33378,23104
5810,761528320,1.4665,,6.323e-05,33367,23143
5820,762839040,1.3798,,6.302e-05,33281,23182
5830,764149760,1.4597,,6.281e-05,33331,23222
5840,765460480,1.4251,,6.260e-05,33438,23261
5850,766771200,1.4402,,6.241e-05,33442,23300
5860,768081920,1.3559,,6.222e-05,33450,23339
5870,769392640,1.4708,,6.204e-05,33441,23379
5880,770703360,1.4277,,6.187e-05,33449,23418
5890,772014080,1.5438,,6.170e-05,33379,23457
5900,773324800,1.5000,,6.154e-05,33269,23496
5910,774635520,1.4316,,6.140e-05,33394,23536
5920,775946240,1.5441,,6.125e-05,33390,23575
5930,777256960,1.3585,,6.112e-05,33383,23614
5940,778567680,1.5155,,6.099e-05,33365,23653
5950,779878400,1.4971,,6.087e-05,33367,23693
5960,781189120,1.4966,,6.076e-05,33406,23732
5970,782499840,1.4470,,6.066e-05,33443,23771
5980,783810560,1.3932,,6.056e-05,33378,23810
5990,785121280,1.4961,,6.047e-05,33425,23850
6000,786432000,1.4492,,6.039e-05,33290,23889
6000,786432000,1.4754,1.6852,6.038e-05,,23902
6010,787742720,1.4942,,6.032e-05,23677,23944
6020,789053440,1.3550,,6.025e-05,33477,23984
6030,790364160,1.4619,,6.019e-05,33214,24023
6040,791674880,1.4101,,6.014e-05,33353,24062
6050,792985600,1.4129,,6.010e-05,33389,24102
6060,794296320,1.3799,,6.006e-05,33469,24141
6070,795607040,1.4175,,6.004e-05,33300,24180
6080,796917760,1.3890,,6.002e-05,33350,24219
6090,798228480,1.4338,,6.000e-05,33317,24259
6100,799539200,1.3643,,6.000e-05,33352,24298
